order_id,customer_id,order_date,status
1,150,2022-01-04,pending
2,66,2023-11-22,shipped
3,167,2021-09-06,shipped
4,60,2021-10-29,pending
5,58,2023-12-11,shipped
6,200,2021-12-13,cancelled
7,88,2023-09-17,cancelled
8,147,2023-04-05,pending
9,111,2021-12-16,pending
10,93,2022-07-28,shipped
11,195,2023-05-11,delivered
12,198,2024-09-13,delivered
13,59,2021-12-06,shipped
14,29,2023-08-15,shipped
15,1,2023-12-12,pending
16,130,2022-03-12,delivered
17,63,2022-09-03,delivered
18,166,2021-07-24,cancelled
19,42,2023-02-15,pending
20,57,2024-07-14,cancelled
21,1,2022-03-19,cancelled
22,90,2021-09-05,shipped
23,166,2024-11-04,cancelled
24,44,2023-02-27,shipped
25,138,2022-08-19,pending
26,52,2024-11-23,delivered
27,132,2024-04-11,pending
28,147,2021-10-22,shipped
29,17,2021-10-18,shipped
30,27,2022-09-25,shipped
31,54,2024-07-27,delivered
32,169,2024-07-19,pending
33,152,2024-08-11,cancelled
34,173,2021-12-08,cancelled
35,61,2024-06-13,pending
36,12,2022-02-18,cancelled
37,158,2023-03-20,delivered
38,61,2023-11-05,delivered
39,41,2022-02-17,pending
40,7,2022-04-25,cancelled
41,54,2024-09-16,delivered
42,85,2024-12-29,pending
43,89,2025-01-21,pending
44,171,2023-11-30,delivered
45,118,2021-04-23,cancelled
46,103,2022-06-21,delivered
47,164,2021-10-07,delivered
48,47,2023-06-15,cancelled
49,20,2022-08-23,pending
50,22,2023-05-20,cancelled
51,140,2024-06-25,pending
52,6,2024-07-09,shipped
53,136,2022-06-19,cancelled
54,145,2024-12-03,delivered
55,136,2021-10-16,shipped
56,51,2023-05-03,delivered
57,38,2022-06-19,delivered
58,33,2024-02-14,shipped
59,143,2022-09-03,shipped
60,169,2021-12-12,delivered
61,80,2022-01-01,delivered
62,122,2023-05-22,cancelled
63,59,2022-12-30,cancelled
64,121,2024-09-23,shipped
65,76,2021-08-09,cancelled
66,58,2022-03-22,pending
67,64,2021-05-18,delivered
68,33,2024-05-22,delivered
69,67,2022-11-02,shipped
70,165,2023-09-08,shipped
71,107,2023-03-15,cancelled
72,134,2022-02-06,delivered
73,155,2024-08-18,delivered
74,148,2024-12-29,delivered
75,12,2022-11-06,pending
76,93,2023-10-28,pending
77,101,2024-06-03,pending
78,44,2021-11-10,cancelled
79,127,2023-12-28,shipped
80,60,2024-06-06,pending
81,34,2024-10-04,shipped
82,50,2024-11-03,delivered
83,132,2024-12-12,shipped
84,81,2021-09-04,delivered
85,165,2021-12-31,pending
86,79,2022-01-28,shipped
87,75,2023-09-05,shipped
88,7,2022-02-08,cancelled
89,25,2024-12-28,cancelled
90,21,2022-05-01,cancelled
91,142,2022-02-06,delivered
92,98,2024-02-19,delivered
93,18,2021-12-02,cancelled
94,185,2024-04-14,shipped
95,30,2023-12-19,shipped
96,169,2022-06-22,cancelled
97,140,2023-02-26,delivered
98,142,2021-05-08,pending
99,147,2023-06-01,delivered
100,86,2023-11-14,delivered
101,135,2023-01-01,pending
102,160,2024-06-17,delivered
103,8,2023-11-11,delivered
104,150,2024-04-01,shipped
105,136,2021-12-01,shipped
106,196,2024-07-17,pending
107,20,2022-12-14,pending
108,133,2022-08-16,cancelled
109,36,2022-11-18,delivered
110,179,2023-09-08,shipped
111,55,2021-08-01,cancelled
112,56,2021-08-25,pending
113,45,2022-04-14,shipped
114,177,2024-08-25,cancelled
115,8,2021-05-27,shipped
116,170,2023-09-15,pending
117,44,2022-10-14,shipped
118,113,2024-03-31,pending
119,130,2022-07-04,shipped
120,51,2022-03-06,delivered
121,140,2022-06-17,shipped
122,179,2021-09-29,delivered
123,90,2023-03-27,cancelled
124,89,2023-06-24,pending
125,24,2021-08-18,pending
126,114,2021-06-02,shipped
127,145,2023-01-06,delivered
128,96,2024-10-07,pending
129,19,2023-01-18,delivered
130,57,2024-09-28,cancelled
131,104,2022-05-27,pending
132,6,2024-10-15,delivered
133,180,2024-11-16,delivered
134,8,2021-06-08,delivered
135,103,2023-07-23,pending
136,19,2022-09-02,shipped
137,172,2024-10-03,delivered
138,184,2023-03-16,cancelled
139,28,2021-09-17,delivered
140,109,2024-08-05,cancelled
141,58,2024-11-23,delivered
142,193,2023-07-08,delivered
143,193,2021-05-15,pending
144,27,2024-09-27,delivered
145,149,2024-10-09,shipped
146,73,2023-11-19,pending
147,73,2024-02-29,cancelled
148,54,2021-10-04,delivered
149,68,2021-12-20,cancelled
150,176,2023-02-10,shipped
151,176,2023-04-03,cancelled
152,193,2023-07-20,delivered
153,94,2022-01-06,shipped
154,158,2024-09-05,pending
155,52,2021-04-26,shipped
156,168,2022-07-01,shipped
157,137,2022-05-01,cancelled
158,50,2024-10-26,cancelled
159,49,2023-06-23,pending
160,117,2022-02-18,shipped
161,174,2023-05-15,shipped
162,42,2021-06-08,pending
163,62,2022-05-17,cancelled
164,109,2023-12-09,delivered
165,1,2023-03-16,shipped
166,35,2023-06-17,pending
167,35,2024-05-17,shipped
168,137,2022-04-29,pending
169,64,2023-10-18,pending
170,18,2022-04-02,cancelled
171,19,2023-08-29,cancelled
172,12,2021-08-01,delivered
173,126,2024-08-17,pending
174,137,2024-06-05,pending
175,22,2022-10-24,pending
176,74,2022-11-12,pending
177,102,2024-09-07,cancelled
178,181,2022-07-13,delivered
179,142,2024-08-27,shipped
180,141,2021-10-07,delivered
181,102,2021-08-21,pending
182,151,2022-09-12,pending
183,45,2023-02-16,delivered
184,16,2023-07-20,delivered
185,162,2021-08-03,shipped
186,17,2022-03-09,shipped
187,85,2023-09-09,pending
188,74,2024-05-27,delivered
189,48,2024-10-31,delivered
190,107,2022-03-10,pending
191,28,2022-12-24,delivered
192,54,2021-10-25,pending
193,158,2021-08-19,shipped
194,132,2021-08-31,cancelled
195,11,2023-06-30,shipped
196,102,2022-12-27,delivered
197,28,2024-06-09,delivered
198,77,2024-10-31,cancelled
199,131,2023-03-10,shipped
200,111,2024-09-25,cancelled
201,4,2021-05-07,shipped
202,125,2023-10-30,delivered
203,176,2024-02-21,cancelled
204,56,2024-06-15,cancelled
205,177,2022-06-10,cancelled
206,190,2024-11-18,shipped
207,111,2023-11-22,pending
208,104,2023-05-17,pending
209,137,2021-11-08,pending
210,36,2024-02-08,shipped
211,138,2022-02-18,pending
212,167,2024-02-16,pending
213,178,2024-11-09,shipped
214,56,2023-12-16,cancelled
215,148,2022-09-14,pending
216,193,2024-05-10,shipped
217,107,2023-12-07,shipped
218,69,2021-07-21,pending
219,86,2021-06-20,delivered
220,107,2021-12-24,shipped
221,107,2024-09-24,shipped
222,131,2021-08-02,cancelled
223,163,2022-11-08,pending
224,39,2024-02-23,cancelled
225,41,2022-01-21,cancelled
226,19,2021-12-10,shipped
227,8,2022-05-12,shipped
228,135,2022-10-12,pending
229,147,2022-07-29,shipped
230,152,2024-05-06,shipped
231,137,2024-10-30,delivered
232,107,2021-11-19,pending
233,170,2024-07-29,cancelled
234,145,2022-10-24,delivered
235,192,2024-07-10,delivered
236,183,2021-07-27,cancelled
237,50,2022-05-08,pending
238,200,2023-05-12,delivered
239,82,2022-10-16,delivered
240,82,2025-01-08,pending
241,169,2024-06-04,shipped
242,75,2024-03-18,pending
243,86,2023-09-18,shipped
244,91,2024-05-22,cancelled
245,47,2022-09-19,delivered
246,71,2021-08-06,pending
247,199,2022-04-28,shipped
248,109,2024-07-18,shipped
249,198,2021-05-12,shipped
250,68,2023-11-25,delivered
251,194,2021-05-25,pending
252,37,2023-11-23,delivered
253,126,2021-08-01,shipped
254,162,2024-05-16,cancelled
255,138,2023-10-26,pending
256,40,2023-04-25,cancelled
257,110,2024-03-18,shipped
258,71,2022-05-17,cancelled
259,164,2024-03-31,cancelled
260,87,2022-04-07,delivered
261,178,2022-09-20,shipped
262,35,2022-12-06,pending
263,188,2022-01-26,delivered
264,101,2024-06-17,delivered
265,87,2022-11-30,pending
266,103,2024-01-05,shipped
267,129,2022-11-24,delivered
268,11,2022-08-29,delivered
269,142,2021-12-24,cancelled
270,190,2022-12-25,cancelled
271,181,2021-11-08,delivered
272,54,2024-08-20,delivered
273,148,2021-10-11,shipped
274,180,2023-10-19,delivered
275,81,2022-07-21,delivered
276,122,2024-09-25,delivered
277,173,2023-09-27,pending
278,141,2023-04-06,shipped
279,135,2024-12-01,pending
280,145,2021-10-07,pending
281,143,2023-03-17,delivered
282,68,2024-01-28,cancelled
283,95,2021-11-03,cancelled
284,156,2023-12-24,shipped
285,43,2024-07-06,pending
286,130,2022-07-14,delivered
287,40,2025-01-10,delivered
288,116,2023-01-25,cancelled
289,139,2022-06-08,cancelled
290,71,2022-01-31,delivered
291,17,2021-09-21,delivered
292,194,2021-08-30,pending
293,124,2021-11-25,delivered
294,11,2024-04-04,pending
295,177,2022-04-28,cancelled
296,9,2024-09-25,cancelled
297,34,2023-05-03,delivered
298,89,2022-01-20,cancelled
299,124,2024-09-14,pending
300,183,2024-12-09,shipped
301,16,2023-09-17,shipped
302,65,2022-07-31,pending
303,161,2024-02-11,shipped
304,146,2023-04-02,cancelled
305,107,2024-08-10,cancelled
306,32,2024-07-22,pending
307,184,2024-10-08,delivered
308,91,2023-07-28,cancelled
309,19,2023-09-29,pending
310,61,2021-06-22,delivered
311,194,2023-11-26,shipped
312,80,2023-03-03,shipped
313,11,2023-08-23,cancelled
314,157,2022-03-07,shipped
315,135,2024-11-20,delivered
316,100,2022-10-13,pending
317,88,2021-11-05,cancelled
318,122,2022-11-03,delivered
319,130,2022-05-31,delivered
320,37,2024-08-16,cancelled
321,158,2024-11-26,shipped
322,24,2024-01-05,shipped
323,155,2022-02-27,delivered
324,120,2022-08-06,cancelled
325,126,2021-07-10,shipped
326,37,2024-07-20,pending
327,186,2021-08-24,pending
328,46,2024-05-08,cancelled
329,43,2022-11-28,pending
330,157,2023-01-22,delivered
331,27,2023-04-13,shipped
332,167,2024-09-20,cancelled
333,182,2023-09-30,cancelled
334,149,2022-09-09,shipped
335,105,2023-02-28,cancelled
336,191,2021-10-07,cancelled
337,185,2024-08-13,cancelled
338,169,2022-12-24,delivered
339,133,2024-01-10,cancelled
340,121,2024-05-16,pending
341,115,2022-04-06,shipped
342,63,2023-01-23,cancelled
343,105,2024-05-18,delivered
344,95,2024-08-06,delivered
345,169,2024-09-22,shipped
346,94,2023-03-22,shipped
347,29,2023-01-17,delivered
348,151,2023-02-02,delivered
349,185,2023-10-08,delivered
350,122,2023-07-29,delivered
351,138,2022-01-12,cancelled
352,53,2021-07-19,pending
353,158,2021-10-07,pending
354,134,2022-01-03,pending
355,25,2022-07-19,delivered
356,150,2024-08-03,cancelled
357,63,2024-06-20,cancelled
358,51,2023-08-25,delivered
359,64,2022-06-30,cancelled
360,195,2023-10-31,delivered
361,153,2021-11-06,cancelled
362,57,2023-07-12,delivered
363,47,2021-06-24,cancelled
364,20,2021-09-21,pending
365,195,2023-10-20,pending
366,140,2024-07-26,shipped
367,22,2023-04-04,cancelled
368,183,2021-09-29,pending
369,89,2024-08-10,pending
370,41,2022-04-08,delivered
371,79,2024-08-19,cancelled
372,177,2021-06-04,pending
373,51,2023-03-17,shipped
374,3,2023-05-22,pending
375,117,2022-01-29,cancelled
376,127,2023-02-09,cancelled
377,196,2022-02-13,pending
378,15,2022-04-24,pending
379,95,2022-09-05,delivered
380,152,2024-04-23,shipped
381,73,2022-10-11,delivered
382,30,2022-05-11,cancelled
383,70,2023-02-28,cancelled
384,143,2023-12-17,shipped
385,114,2021-07-17,cancelled
386,159,2021-05-13,delivered
387,38,2023-10-23,pending
388,194,2022-12-09,delivered
389,38,2023-01-11,shipped
390,138,2023-07-15,pending
391,84,2023-04-10,cancelled
392,193,2023-11-16,pending
393,115,2024-11-06,pending
394,197,2021-05-31,pending
395,30,2022-04-22,pending
396,59,2024-03-24,shipped
397,144,2023-05-05,delivered
398,168,2022-08-22,delivered
399,164,2022-10-18,shipped
400,117,2022-11-24,pending
401,45,2024-01-26,shipped
402,69,2022-08-06,cancelled
403,97,2021-05-02,pending
404,45,2022-09-14,shipped
405,130,2025-01-07,shipped
406,142,2022-06-27,pending
407,124,2022-05-19,pending
408,131,2023-08-05,delivered
409,116,2022-02-27,cancelled
410,56,2024-10-06,pending
411,23,2022-08-13,shipped
412,173,2024-12-07,shipped
413,135,2021-09-09,delivered
414,2,2022-10-09,cancelled
415,83,2022-07-18,cancelled
416,23,2021-11-24,delivered
417,32,2024-05-16,delivered
418,145,2024-04-11,delivered
419,30,2021-07-04,cancelled
420,55,2024-06-11,pending
421,48,2024-10-23,cancelled
422,21,2021-10-23,shipped
423,179,2021-08-21,pending
424,47,2025-01-24,shipped
425,45,2024-03-20,shipped
426,4,2022-07-26,cancelled
427,171,2024-01-27,pending
428,97,2023-02-24,shipped
429,186,2022-12-24,pending
430,187,2023-02-09,shipped
431,5,2021-12-26,shipped
432,81,2021-09-08,delivered
433,19,2021-08-10,delivered
434,54,2023-11-03,cancelled
435,19,2023-01-18,shipped
436,4,2025-01-02,pending
437,183,2023-08-19,delivered
438,58,2024-03-31,delivered
439,99,2021-07-30,cancelled
440,35,2021-10-31,shipped
441,129,2022-03-04,delivered
442,188,2021-09-09,shipped
443,136,2023-03-20,shipped
444,192,2022-02-25,delivered
445,13,2024-03-04,pending
446,72,2025-01-18,shipped
447,23,2024-01-07,pending
448,145,2021-10-11,cancelled
449,104,2022-03-08,shipped
450,163,2023-03-14,cancelled
451,43,2024-10-20,shipped
452,160,2023-04-26,cancelled
453,86,2024-12-22,cancelled
454,131,2024-04-28,shipped
455,24,2024-07-27,delivered
456,15,2023-08-09,shipped
457,16,2021-05-23,cancelled
458,174,2021-05-01,pending
459,102,2022-02-18,cancelled
460,65,2021-09-20,cancelled
461,38,2022-01-25,cancelled
462,197,2023-03-05,pending
463,106,2024-05-13,delivered
464,148,2022-03-09,shipped
465,62,2023-07-14,delivered
466,153,2022-03-04,shipped
467,119,2022-09-30,pending
468,17,2023-06-08,shipped
469,70,2023-09-25,pending
470,152,2022-10-21,cancelled
471,128,2024-03-21,pending
472,52,2022-04-13,pending
473,33,2024-06-01,cancelled
474,17,2024-12-23,pending
475,6,2022-04-14,cancelled
476,59,2022-08-15,delivered
477,21,2022-10-09,cancelled
478,131,2022-10-02,cancelled
479,166,2024-03-17,delivered
480,64,2022-02-04,delivered
481,179,2024-09-05,cancelled
482,166,2024-08-17,pending
483,25,2025-01-27,delivered
484,50,2022-12-22,delivered
485,83,2023-04-01,pending
486,130,2021-12-30,shipped
487,7,2024-01-17,cancelled
488,16,2022-09-09,shipped
489,165,2022-04-25,cancelled
490,158,2023-11-29,shipped
491,129,2021-12-10,delivered
492,125,2022-02-01,shipped
493,107,2023-05-12,delivered
494,78,2022-11-25,delivered
495,61,2024-04-15,pending
496,120,2023-07-21,cancelled
497,126,2021-06-21,cancelled
498,55,2022-08-21,shipped
499,82,2022-11-28,pending
500,97,2023-07-07,shipped
